{
  "deepgram": {
    "rate": 0.0000867
  },
  "cartesia": {
    "rate": 0.0000392
  }
}
